status	path	PR scope
M	.env.example	283
M	.github/workflows/hosted-quality.yml	283
M	AGENTS.md	283
M	CONTEXT-MAP.md	285
M	CONTEXT.md	283
M	README.md	283
M	RELEASE.md	283
M	config/commands/cli.test.ts	283
M	config/commands/cli.ts	283
M	config/commands/manifest.test.ts	283
M	config/commands/manifest.ts	283
A	config/commands/orientation.test.ts	283
A	config/commands/orientation.ts	283
M	config/dev/doctor.test.ts	283
M	config/dev/doctor.ts	283
M	config/e2e/ownership-contract.test.ts	283+285
M	config/e2e/run-preview-public-evidence.test.ts	283
M	config/environment.manifest.json	283
M	config/release/api-observability-contract.test.ts	283
A	config/release/convex-registration-inventory.test.ts	283
M	config/release/convex-registration-inventory.ts	283
M	config/release/coverage-ratchet.test.ts	283
M	config/release/coverage-ratchet.ts	283
M	config/release/coverage-risk-policy.json	283
A	config/release/document-preview-performance.test.ts	285
A	config/release/document-preview-performance.ts	285
M	config/release/environment-preflight.test.ts	283
M	config/release/error-monitoring-readiness.json	283
M	config/release/error-monitoring-readiness.test.ts	283
M	config/release/git-visibility.test.ts	283
M	config/release/hosted-quality-workflow.test.ts	283
M	config/release/package-contract.test.ts	283
M	config/release/performance-inputs.test.ts	283
M	config/release/performance-inputs.ts	283
M	config/release/release-contract.test.ts	283
M	config/release/run-target-neutral-quality.test.ts	283
M	config/release/run-target-neutral-quality.ts	283
M	config/spec/fixtures/implementation-multi-ticket-valid.md	283
M	config/spec/fixtures/implementation-valid.md	283
A	config/spec/render-issue.test.ts	283
A	config/spec/render-issue.ts	283
M	config/spec/spec-check.test.ts	283
M	config/spec/spec-check.ts	283
M	config/test/run-target-neutral-tests.test.ts	283
M	convex/_exportSurface.ts	283
M	convex/_generated/api.d.ts	283+285
M	convex/_generated/server.d.ts	283
M	convex/_runtimeModules.ts	283
M	convex/aiRuntime.test.ts	283
M	convex/aiRuntime.ts	283
M	convex/authEmailDeliveries.convex.integration.ts	283
M	convex/authEmailDeliveries.ts	283
M	convex/authIdentityMigration.test.ts	283
M	convex/authIdentityMigration.ts	283
M	convex/bookings.ts	283
M	convex/bookingsPaymentSecurity.test.ts	283
M	convex/bookingsPaymentTransitions.test.ts	283
M	convex/capabilityInventory.test.ts	283
A	convex/checkoutIntent.test.ts	283
M	convex/convex.config.ts	283
M	convex/crm/accessScope.test.ts	283
M	convex/crm/activity.ts	283
M	convex/crm/approvals.ts	283
A	convex/crm/checklistPayloadPolicy.ts	283
A	convex/crm/codeSequenceMigration.convex.integration.ts	283
A	convex/crm/codeSequenceMigration.ts	283
M	convex/crm/commercialFileActions.test.ts	283
M	convex/crm/commercialFileActions.ts	283
A	convex/crm/commercialFileChainIdentity.ts	283
M	convex/crm/commercialFilePolicy.test.ts	283
M	convex/crm/commercialFilePolicy.ts	283
A	convex/crm/commercialFiles.convex.integration.ts	283
M	convex/crm/commercialFiles.ts	283+285
M	convex/crm/commercialRecordChainReads.ts	283
A	convex/crm/commercialSourceCustody.ts	283
A	convex/crm/commercialSourceDeletion.test.ts	283
M	convex/crm/contractingPipelineCommands.test.ts	283
M	convex/crm/contractingPipelineCommands.ts	283
M	convex/crm/dashboard.test.ts	283
M	convex/crm/dashboard.ts	283
M	convex/crm/documentPreview.convex.integration.ts	285
M	convex/crm/documentPreview.ts	285
A	convex/crm/documentPreviewOwnership.convex.integration.ts	285
M	convex/crm/documentPreviewSource.ts	283
M	convex/crm/e2eFixtures.ts	283
M	convex/crm/e2eRunOwnership.convex.integration.ts	283
M	convex/crm/e2eRunOwnership.ts	283+285
M	convex/crm/expenseAttachments.ts	285
M	convex/crm/finance.ts	283
M	convex/crm/financeTicketingReturnContracts.ts	283
M	convex/crm/importActions.ts	283
M	convex/crm/importProcessor.ts	283
M	convex/crm/inboundQueryIntents.test.ts	283
M	convex/crm/inboundQueryIntents.ts	283
M	convex/crm/invoiceReads.ts	283
M	convex/crm/jobCardChecklist.ts	283
M	convex/crm/jobCardChecklistCommands.ts	283
M	convex/crm/jobCardCommandCenter.ts	283+285
A	convex/crm/jobCardCommandCenterProjection.test.ts	283+285
M	convex/crm/jobCardCommands.test.ts	283
M	convex/crm/jobCardConstants.ts	283
M	convex/crm/jobCardCreation.ts	283
M	convex/crm/jobCardCreationNotifications.test.ts	283
M	convex/crm/jobCardDeletion.ts	283
M	convex/crm/jobCardOperationsVisibility.test.ts	283+285
M	convex/crm/jobCardTravelBatchCommands.ts	283
M	convex/crm/jobCards.convex.integration.ts	283
M	convex/crm/jobCards.ts	283
M	convex/crm/lib.ts	283
M	convex/crm/lib/codes.ts	283
M	convex/crm/lib/e2eOwnership.ts	283+285
M	convex/crm/lib/inboundIntentPreparation.ts	283
A	convex/crm/lib/majorCapabilityPreparation.test.ts	283
M	convex/crm/lib/majorCapabilityPreparation.ts	283
A	convex/crm/lib/operationalControls.test.ts	283
M	convex/crm/lib/operationalControls.ts	283+285
M	convex/crm/lib/presentation.ts	283
M	convex/crm/lib/productionTestExecution.ts	283
M	convex/crm/lib/productionTestRecipes.test.ts	283
M	convex/crm/lib/productionTestRecipes.ts	283
M	convex/crm/lib/recordScope.ts	283
A	convex/crm/lib/runtimeHealth.test.ts	283
A	convex/crm/lib/runtimeHealth.ts	283
M	convex/crm/listProjection.test.ts	283
M	convex/crm/notificationEmailDetails.ts	283
M	convex/crm/notificationEmailLedger.convex.integration.ts	283+285
M	convex/crm/notificationEmailLedger.test.ts	283
M	convex/crm/notificationEmailLedger.ts	283+285
M	convex/crm/notificationEmails.ts	283
M	convex/crm/notificationReads.ts	283
A	convex/crm/operatingDayScorecard.convex.integration.ts	283
A	convex/crm/operatingDayScorecard.ts	283
M	convex/crm/operationalControls.convex.integration.ts	283
M	convex/crm/operationalSnapshots.test.ts	283
M	convex/crm/operationalSnapshots.ts	283
M	convex/crm/operationsReturnContracts.ts	283
M	convex/crm/ops.ts	283
M	convex/crm/orderConfirmationReplay.test.ts	283
M	convex/crm/paginationPolicy.test.ts	283
M	convex/crm/paginationPolicy.ts	283
A	convex/crm/paletteRecordSearch.convex.integration.ts	283
M	convex/crm/passengerExportPolicy.ts	283
M	convex/crm/passport.ts	283+285
M	convex/crm/passportAccess.test.ts	283
M	convex/crm/passportActions.ts	283
A	convex/crm/passportCleanupCommands.ts	283
A	convex/crm/passportCleanupRetry.ts	283
A	convex/crm/passportUploadTickets.convex.integration.ts	283
A	convex/crm/passportUploadTickets.ts	283+285
A	convex/crm/passportUploadValidation.test.ts	283
A	convex/crm/passportUploadValidation.ts	283
A	convex/crm/paymentReconciliation.test.ts	283
A	convex/crm/paymentReconciliation.ts	283
M	convex/crm/peopleWorkflowReturnContracts.ts	283
A	convex/crm/pfCb13BoundedData.convex.integration.ts	283
M	convex/crm/productionTestLab.ts	283
M	convex/crm/proposalAttachmentActions.test.ts	283
M	convex/crm/proposalAttachmentActions.ts	283
M	convex/crm/proposalAttachments.ts	283+285
A	convex/crm/proposalDeletion.convex.integration.ts	283
M	convex/crm/proposalHandoff.test.ts	283
M	convex/crm/proposalHandoffCommands.ts	283
A	convex/crm/proposalLifecycle.test.ts	283
A	convex/crm/proposalLifecycle.ts	283
A	convex/crm/proposalMiceDoc.convex.integration.ts	283+285
A	convex/crm/proposalMiceDoc.ts	283
M	convex/crm/proposalReads.ts	283+285
M	convex/crm/proposalRelations.ts	283
M	convex/crm/proposalReturnContracts.ts	283+285
M	convex/crm/proposalVisibility.ts	283
M	convex/crm/proposalWriteCommands.ts	283
M	convex/crm/proposals.ts	283+285
M	convex/crm/publicReturnInventory.test.ts	283
M	convex/crm/queries.ts	283
M	convex/crm/queryAttachmentActions.test.ts	283
M	convex/crm/queryAttachmentActions.ts	283
M	convex/crm/queryAttachments.ts	283
M	convex/crm/queryCommands.ts	283
M	convex/crm/queryCommercialProjection.test.ts	283
M	convex/crm/queryCommercialProjection.ts	283
A	convex/crm/queryConfirmedOfferProjection.test.ts	283
M	convex/crm/queryCreation.test.ts	283
M	convex/crm/queryCreation.ts	283
M	convex/crm/queryDelete.test.ts	283
M	convex/crm/queryDeletion.ts	283
A	convex/crm/queryReads.test.ts	283
M	convex/crm/queryReads.ts	283
M	convex/crm/queryStatusPolicy.ts	283
M	convex/crm/queryStatusTransitions.test.ts	283
M	convex/crm/queryValidators.ts	283
A	convex/crm/recoveryCenter.convex.integration.ts	283
A	convex/crm/recoveryCenter.test.ts	283
A	convex/crm/recoveryCenter.ts	283
M	convex/crm/returnContracts.test.ts	283+285
M	convex/crm/returnContracts.ts	283+285
A	convex/crm/savedViews.convex.integration.ts	283
M	convex/crm/savedViews.ts	283
M	convex/crm/settings.ts	283
A	convex/crm/staffAssignmentIdentityMigration.test.ts	283
A	convex/crm/staffAssignmentIdentityMigration.ts	283
M	convex/crm/storageReferences.test.ts	283+285
M	convex/crm/storageReferences.ts	283+285
M	convex/crm/ticketReads.ts	283
M	convex/crm/ticketing.ts	283
M	convex/crm/tourManagerAllocationNotifications.test.ts	283
M	convex/crm/travellers.ts	283
M	convex/crm/visa.ts	283
M	convex/crm/workflowNudgeRun.ts	283
M	convex/crm/workflowNudges.ts	283
M	convex/customerConfirmedTrips.test.ts	283
M	convex/customerConfirmedTrips.ts	283
M	convex/customerJourneyEntitlementGrant.test.ts	283
M	convex/customerJourneyModel.test.ts	283
A	convex/customerJourneyReminders.convex.integration.ts	283
A	convex/customerJourneyReminders.test.ts	283
A	convex/customerJourneyReminders.ts	283
M	convex/e2eDeploymentIdentity.ts	283+285
M	convex/http.ts	283
A	convex/httpJourneyReminders.test.ts	283
M	convex/lib/authIdentityMigration.test.ts	283
M	convex/lib/authIdentityMigration.ts	283
A	convex/lib/bookingCheckoutInput.ts	283
M	convex/lib/bootstrapAuthority.test.ts	283
M	convex/lib/bootstrapAuthority.ts	283
A	convex/lib/customerConfirmedTripReadiness.test.ts	283
A	convex/lib/customerConfirmedTripReadiness.ts	283
M	convex/lib/customerIdentityAccess.ts	283
A	convex/lib/customerJourneyReminderDelivery.test.ts	283
A	convex/lib/customerJourneyReminderDelivery.ts	283
A	convex/lib/inboundIntentValidators.ts	283
A	convex/lib/observability.test.ts	283
A	convex/lib/observability.ts	283
M	convex/lib/sacredBharatScoring.ts	283
M	convex/migrationAuth.ts	283
A	convex/paymentState.ts	283
M	convex/publicReturnContracts.ts	283
M	convex/publicReturnInventory.test.ts	283
M	convex/sacredBharat.ts	283
M	convex/sacredBharatEditionEvents.convex.integration.ts	283
M	convex/sacredBharatEditionEvents.ts	283
M	convex/sacredBharatGroups.test.ts	283
M	convex/sacredBharatInviteSecurity.test.ts	283
D	convex/sacredBharatIssuerIsolation.test.ts	283
M	convex/sacredBharatLeaderboardCutover.test.ts	283
A	convex/sacredBharatRetirement.test.ts	283
M	convex/schema.ts	283+285
A	convex/schemaIndexStaging.test.ts	283
A	convex/schemaTables/sacredBharat.test.ts	283
A	convex/schemaTables/sacredBharat.ts	283
M	docs/AI_RUNTIME_OPERATIONS.md	283
M	docs/API_OBSERVABILITY.md	283
M	docs/AUTH_EMAIL_DELIVERY.md	283
M	docs/BACKEND_INFRASTRUCTURE.md	283
M	docs/BOOKING_PAYMENT_TRANSITIONS.md	283
M	docs/BRAND_ARCHITECTURE.md	283
M	docs/CACHE_COMPONENTS.md	283
M	docs/COVERAGE.md	283
M	docs/CRM_READINESS_OPERATIONS.md	283
A	docs/DOCUMENT_PREVIEW_VERIFICATION.md	285
M	docs/E2E_TESTING.md	283
M	docs/ERROR_MONITORING_READINESS.md	283
M	docs/LOCAL_DEV.md	283
M	docs/NOTIFICATION_EMAIL_DELIVERY.md	283
M	docs/OPERATIONAL_CONTROLS.md	283
M	docs/PORTAL_CRM_WORKFLOWS.md	283
M	docs/README.md	283
M	docs/TRAIL_MODULES.md	283
M	docs/VERIFICATION.md	283
A	docs/adr/0016-server-owned-razorpay-checkout-and-reconciliation.md	283
M	docs/agents/change-program-brief.md	283
M	docs/agents/issue-tracker.md	283
M	docs/agents/spec-handoff.md	283
M	docs/agents/templates/spec.md	283
M	docs/sacred-bharat/CONTEXT.md	283
A	docs/sacred-bharat/EDITIONS.md	283
M	docs/sacred-bharat/EDITION_001_PROVENANCE.md	283
A	e2e/arrival-pack-document.config.ts	283
A	e2e/fixtures/documentPreviewCorpus.test.ts	285
A	e2e/fixtures/documentPreviewCorpus.ts	285
M	e2e/public/instant-navigation.spec.ts	283
A	e2e/public/sacred-bharat-edition.spec.ts	283+285
A	e2e/registry/portalViews.test.ts	283+285
M	e2e/registry/portalViews.ts	283+285
M	e2e/reporters/evidenceReporter.ts	283
A	e2e/specs/customer-account-arrival-pack-document.spec.ts	283
M	e2e/specs/customer-account-confirmed-trip.spec.ts	283
A	e2e/specs/document-preview.spec.ts	285
M	e2e/specs/hr-leave.spec.ts	283
M	e2e/specs/mobile-portal-quality.spec.ts	283
M	e2e/specs/public-interface-accessibility.spec.ts	285
D	e2e/specs/sacred-bharat-guest-merge.spec.ts	283
M	package.json	283+285
M	playwright.config.ts	283
M	src/app/(auth)/auth/forgot-password/page.client.js	283
M	src/app/(auth)/auth/forgot-password/page.js	283
M	src/app/(auth)/auth/reset-password/page.client.js	283
M	src/app/(auth)/auth/reset-password/page.js	283
M	src/app/(auth)/auth/vendor/page.js	283
M	src/app/(authenticated)/account/page.client.js	283+285
A	src/app/(authenticated)/account/page.client.mounted.test.jsx	283+285
M	src/app/(authenticated)/account/page.js	283+285
M	src/app/(authenticated)/account/page.test.js	283+285
M	src/app/(authenticated)/layout.js	283
D	src/app/(authenticated)/vendor/page.client.js	283
M	src/app/(authenticated)/vendor/page.js	283
M	src/app/(public)/about/page.client.js	283+285
A	src/app/(public)/blog/[slug]/loading.js	285
M	src/app/(public)/blog/[slug]/page.client.js	285
M	src/app/(public)/blog/[slug]/page.js	285
A	src/app/(public)/blog/blog.mounted.test.jsx	285
A	src/app/(public)/blog/loading.js	285
M	src/app/(public)/blog/page.client.js	283+285
M	src/app/(public)/blog/page.js	285
M	src/app/(public)/contact/page.client.js	283+285
M	src/app/(public)/contact/page.js	283
M	src/app/(public)/gallery/page.client.js	285
M	src/app/(public)/mice/page.client.js	283+285
M	src/app/(public)/pilgrimage/[slug]/page.client.js	285
M	src/app/(public)/pilgrimage/[slug]/page.js	283
M	src/app/(public)/pilgrimage/page.client.js	283+285
M	src/app/(public)/policies/page.client.js	283+285
M	src/app/(public)/policies/page.js	283
A	src/app/(public)/publicLoadingShells.test.js	283
D	src/app/(public)/sacred-bharat/001/page.js	283
D	src/app/(public)/sacred-bharat/001/page.test.js	283
A	src/app/(public)/sacred-bharat/[editionId]/page.js	283
A	src/app/(public)/sacred-bharat/[editionId]/page.test.js	283
M	src/app/(public)/sacred-bharat/page.js	283
M	src/app/(public)/services/page.client.js	285
A	src/app/api/account/arrival-pack/[confirmedOfferId]/route.test.ts	283+285
A	src/app/api/account/arrival-pack/[confirmedOfferId]/route.ts	283+285
M	src/app/api/account/confirmed-trips/route.test.ts	283
M	src/app/api/account/confirmed-trips/route.ts	283
D	src/app/api/account/journeys/[bookingId]/route.ts	283
A	src/app/api/account/journeys/[journeyKey]/route.test.ts	283
A	src/app/api/account/journeys/[journeyKey]/route.ts	283
A	src/app/api/account/reminder-preferences/[confirmedOfferId]/route.test.ts	283+285
A	src/app/api/account/reminder-preferences/[confirmedOfferId]/route.ts	283+285
M	src/app/api/aiRouteRuntimeContract.test.ts	283
A	src/app/api/blog/route.test.ts	285
A	src/app/api/blog/route.ts	285
M	src/app/api/chat/route.js	283
M	src/app/api/chat/route.test.ts	283
M	src/app/api/create-order/route.test.ts	283
M	src/app/api/create-order/route.ts	283
M	src/app/api/inbound-intents/route.js	283
M	src/app/api/inbound-intents/route.test.ts	283
A	src/app/api/portal/files/passport-upload/[travellerId]/route.test.ts	283
A	src/app/api/portal/files/passport-upload/[travellerId]/route.ts	283
M	src/app/api/profile/route.js	283
M	src/app/api/sacred-bharat/events/route.js	283
M	src/app/api/sacred-bharat/events/route.test.ts	283
M	src/app/api/sacred-bharat/journey-planner/route.js	283
M	src/app/api/sacred-bharat/journey-planner/route.test.ts	283
M	src/app/api/verify-payment/route.ts	283
M	src/app/api/webhooks/razorpay/route.test.ts	283
M	src/app/api/webhooks/razorpay/route.ts	283
M	src/app/globals.css	283+285
M	src/app/layout.js	283
M	src/app/portal/job-cards/[jobCardId]/page.js	283+285
A	src/app/portal/job-cards/[jobCardId]/page.test.js	283+285
M	src/app/portal/layout.js	283
M	src/app/portal/portalLayoutGuard.test.js	283
A	src/app/portal/recovery/page.js	283
A	src/app/portal/recovery/page.test.ts	283
M	src/app/publicSemanticDestinations.test.ts	285
A	src/app/publicVisualIdentity.contract.test.ts	283+285
A	src/app/retiredRouteCompatibility.test.js	283
A	src/app/surfaceAccessibility.contract.test.ts	283
M	src/components/account/AccountJourneysPanel.js	283+285
M	src/components/account/AccountJourneysPanel.mounted.test.jsx	283+285
M	src/components/account/AccountPanels.mounted.test.jsx	283+285
M	src/components/account/AccountProfilePanel.js	283+285
M	src/components/account/AccountSettingsPanel.js	283+285
M	src/components/account/AccountSidebar.js	285
M	src/components/account/AccountUi.js	283+285
M	src/components/account/accountPresentation.js	285
M	src/components/account/accountPresentation.test.js	285
M	src/components/auth/AuthLoginCredentials.js	283
A	src/components/auth/AuthLoginCredentials.mounted.test.jsx	283
M	src/components/auth/AuthLoginForm.js	283
M	src/components/auth/AuthLoginPageClient.js	283
M	src/components/auth/AuthRecoveryLayout.js	283
A	src/components/auth/AuthRecoveryPages.mounted.test.jsx	283
M	src/components/auth/AuthShell.js	283
M	src/components/auth/PrivateAuthError.js	283
M	src/components/layout/AnimatedSection.js	283
M	src/components/layout/Footer.js	283
M	src/components/layout/Header.js	283+285
M	src/components/layout/HeaderDisclosures.mounted.test.jsx	283
M	src/components/layout/HeaderMobileMenu.js	283
M	src/components/layout/HeaderMobileMenu.mounted.test.jsx	283
M	src/components/layout/HeaderSessionControl.js	285
M	src/components/layout/HeaderSignInDropdown.js	283+285
M	src/components/layout/HeaderSpiritualTrailsDropdown.js	283+285
M	src/components/layout/HeaderUserMenu.js	283+285
M	src/components/layout/PublicRouteLoadingShell.js	283
M	src/components/pages/HeroVideo.js	283
M	src/components/pages/HomeHeroClient.js	283
M	src/components/pages/HomeMainClient.contract.test.ts	283
M	src/components/pages/HomeMainClient.js	283+285
D	src/components/pilgrimage/JourneyComparison.js	283+285
A	src/components/pilgrimage/PilgrimageRouteFitSelector.js	283+285
M	src/components/pilgrimage/SacredSitesVisual.js	283
M	src/components/pilgrimage/SpiritualHero.js	283+285
M	src/components/pilgrimage/SpiritualTrailsHub.js	283+285
M	src/components/pilgrimage/TestimonialsSection.js	283
M	src/components/pilgrimage/TrailHeroSlideshow.js	283+285
M	src/components/pilgrimage/TrailSection.js	283+285
A	src/components/pilgrimage/TrailSection.mounted.test.jsx	285
M	src/components/pilgrimage/trailSection/TrailCoreTabs.js	285
M	src/components/pilgrimage/trailSection/TrailMediaTabs.js	283+285
M	src/components/pilgrimage/trailSection/TrailShell.js	283+285
M	src/components/portal/PortalActionMenu.tsx	283
M	src/components/portal/PortalCommandPalette.js	283
M	src/components/portal/PortalCommandPalette.mounted.test.jsx	283
M	src/components/portal/PortalConfirmDialog.js	283
M	src/components/portal/PortalDateInput.js	283
A	src/components/portal/PortalLayoutPresetManager.tsx	283
M	src/components/portal/PortalModalForm.js	283
M	src/components/portal/PortalRouteHarness.mounted.test.jsx	283+285
M	src/components/portal/PortalSearchField.tsx	283
M	src/components/portal/PortalShell.mounted.test.jsx	285
M	src/components/portal/PortalShell.tsx	285
A	src/components/portal/PortalTableCommandDock.tsx	283+285
A	src/components/portal/PortalTableLayoutContext.tsx	283
M	src/components/portal/PortalWorkspace.tsx	283
M	src/components/portal/ResponsiveDataCards.tsx	283+285
M	src/components/portal/SaveViewDialog.js	283+285
M	src/components/portal/SaveViewDialog.mounted.test.jsx	283+285
M	src/components/portal/SelectableDataTable.mounted.test.jsx	283+285
M	src/components/portal/SelectableDataTable.tsx	283+285
M	src/components/portal/dashboard/DashboardActionInbox.js	283
A	src/components/portal/dashboard/DashboardOperatingDayScorecard.mounted.test.jsx	283
A	src/components/portal/dashboard/DashboardOperatingDayScorecard.tsx	283
M	src/components/portal/dashboard/DashboardPanel.mounted.test.jsx	283
M	src/components/portal/dashboard/DashboardPeriodControls.mounted.test.jsx	283
M	src/components/portal/dashboard/DashboardPeriodPresets.js	283
M	src/components/portal/dashboard/DashboardQueryTypeTabs.js	283
M	src/components/portal/dashboard/DashboardView.js	283+285
M	src/components/portal/dashboard/DashboardWorkQueue.js	283
M	src/components/portal/dashboard/dashboardDirectorLayout.test.js	285
M	src/components/portal/dashboard/dashboardViewHelpers.js	283
A	src/components/portal/dashboard/dashboardViewHelpers.test.js	283
M	src/components/portal/document-preview/DocumentPreviewHost.mounted.test.jsx	285
M	src/components/portal/document-preview/DocumentPreviewHost.tsx	283+285
M	src/components/portal/document-preview/DocumentPreviewRenderers.tsx	283+285
M	src/components/portal/entityModal/EntityModalJobCardFields.js	283
M	src/components/portal/entityModal/EntityModalMediaFields.js	283
A	src/components/portal/entityModal/EntityModalMediaFields.mounted.test.jsx	283
M	src/components/portal/entityModal/EntityModalQueryFields.js	283
M	src/components/portal/entityModal/EntityModalShell.js	283
M	src/components/portal/entityModal/EntityModalShell.mounted.test.jsx	283
M	src/components/portal/entityModal/EntityModalWorkflowFields.js	283
M	src/components/portal/jobCard/JobCardCommandCenter.js	283+285
D	src/components/portal/jobCard/JobCardReadinessMap.js	283+285
M	src/components/portal/jobCard/JobCardTaskBoard.js	285
M	src/components/portal/pipeline/PipelineView.mounted.test.jsx	285
M	src/components/portal/pipeline/PipelineView.tsx	285
M	src/components/portal/portalNavIconMap.ts	283
M	src/components/portal/settings/OperationalControlPanelSections.mounted.test.jsx	283+285
M	src/components/portal/settings/OperationalControlPanelSections.tsx	283+285
M	src/components/portal/settings/OperationalControlsPanel.auth.mounted.test.jsx	283+285
M	src/components/portal/settings/OperationalControlsPanel.tsx	283+285
M	src/components/portal/settings/operationalControlViewModel.test.ts	283
M	src/components/portal/settings/operationalControlViewModel.ts	283
M	src/components/portal/statusTones.mounted.test.jsx	283
M	src/components/portal/ticketing/TicketingFlightItinerary.tsx	283+285
M	src/components/portal/usePortalWorkspaceState.ts	283
M	src/components/portal/workspace/ContractingView.tsx	283+285
A	src/components/portal/workspace/CustomerJourneyAccessManager.mounted.test.jsx	283
A	src/components/portal/workspace/CustomerJourneyAccessManager.tsx	283
M	src/components/portal/workspace/InboundLeadsView.jsx	283+285
M	src/components/portal/workspace/InboundLeadsView.mounted.test.jsx	283+285
A	src/components/portal/workspace/MiceProposalDocDraft.tsx	283+285
A	src/components/portal/workspace/PortalWorkspaceFrame.tsx	283
M	src/components/portal/workspace/PortalWorkspaceHeader.tsx	283
A	src/components/portal/workspace/ProposalPairLifecycle.mounted.test.jsx	285
A	src/components/portal/workspace/ProposalPairLifecycle.tsx	283+285
M	src/components/portal/workspace/ProposalsView.tsx	283+285
M	src/components/portal/workspace/QueriesView.tsx	283+285
M	src/components/portal/workspace/TravelBatchEntityModalBridge.tsx	283
M	src/components/portal/workspace/accounts/AccountsJobCardView.tsx	285
M	src/components/portal/workspace/admin/ActivityView.mounted.test.jsx	283+285
M	src/components/portal/workspace/admin/ActivityView.tsx	283+285
M	src/components/portal/workspace/admin/ApprovalsView.tsx	283+285
M	src/components/portal/workspace/admin/ExpensesView.tsx	283+285
M	src/components/portal/workspace/admin/FinanceView.tsx	283+285
M	src/components/portal/workspace/admin/LeaveView.tsx	285
A	src/components/portal/workspace/admin/PaymentReconciliationPanel.tsx	283
A	src/components/portal/workspace/admin/RecoveryCenterModule.tsx	283
A	src/components/portal/workspace/admin/RecoveryCenterView.mounted.test.jsx	283+285
A	src/components/portal/workspace/admin/RecoveryCenterView.tsx	283+285
M	src/components/portal/workspace/admin/ReportsView.tsx	285
M	src/components/portal/workspace/admin/SettingsView.tsx	285
M	src/components/portal/workspace/admin/TeamView.tsx	285
M	src/components/portal/workspace/modals/CommercialFilesModal.mounted.test.jsx	283
M	src/components/portal/workspace/modals/CommercialFilesModal.tsx	283
M	src/components/portal/workspace/modals/PortalSpreadsheetModals.mounted.test.jsx	283
M	src/components/portal/workspace/modals/PortalWorkspaceSpreadsheetModals.tsx	283
M	src/components/portal/workspace/modals/portalSpreadsheetModalTypes.ts	283
M	src/components/portal/workspace/operations/HotelRoomingView.tsx	285
M	src/components/portal/workspace/operations/HotelsView.tsx	285
M	src/components/portal/workspace/operations/JobCardDeletionStatusRegion.tsx	283
M	src/components/portal/workspace/operations/JobCardsView.tsx	283
M	src/components/portal/workspace/operations/PassportDocumentsView.tsx	283+285
M	src/components/portal/workspace/operations/PassportUploadModal.mounted.test.jsx	283+285
M	src/components/portal/workspace/operations/PassportUploadModal.tsx	283
M	src/components/portal/workspace/operations/RoomCountView.tsx	285
M	src/components/portal/workspace/operations/RoomingListView.tsx	285
M	src/components/portal/workspace/operations/TourManagersView.tsx	285
M	src/components/portal/workspace/operations/TravellerCountView.tsx	285
M	src/components/portal/workspace/operations/TravellersView.tsx	283+285
M	src/components/portal/workspace/operations/VisaTrackingView.tsx	285
M	src/components/portal/workspace/portalModalWorkspaceTypes.ts	283
M	src/components/portal/workspace/portalOperationsHelpers.ts	283+285
M	src/components/portal/workspace/portalOperationsViews.mounted.test.jsx	283+285
M	src/components/portal/workspace/portalPilotViews.mounted.test.jsx	283+285
M	src/components/portal/workspace/portalRouteLifecycle.mounted.test.jsx	283+285
M	src/components/portal/workspace/portalRouteLifecycle.test.ts	283
M	src/components/portal/workspace/portalRouteLifecycle.tsx	283+285
M	src/components/portal/workspace/portalTicketingAdminViews.mounted.test.jsx	283+285
M	src/components/portal/workspace/portalViewTypes.ts	283+285
A	src/components/portal/workspace/portalWorkspaceFilters.test.ts	283
M	src/components/portal/workspace/portalWorkspaceFilters.ts	283
M	src/components/portal/workspace/portalWorkspaceModel.ts	283
M	src/components/portal/workspace/ticketing/PnrView.tsx	285
M	src/components/portal/workspace/ticketing/SeatView.tsx	285
M	src/components/portal/workspace/ticketing/TicketDashboardView.tsx	285
M	src/components/portal/workspace/ticketing/TicketsView.tsx	285
A	src/components/portal/workspace/usePortalRowActionOwner.ts	283
A	src/components/portal/workspace/usePortalWorkspaceData.mounted.test.jsx	285
M	src/components/portal/workspace/usePortalWorkspaceData.ts	283+285
M	src/components/portal/workspace/usePortalWorkspaceMutations.ts	283
M	src/components/portal/workspace/workspaceStateTypes.ts	283
M	src/components/providers/ReducedMotionProvider.hydration.test.jsx	285
M	src/components/providers/ReducedMotionProvider.js	285
D	src/components/sacredBharat/GuestSaveBanner.js	283
D	src/components/sacredBharat/GuestSaveBanner.mounted.test.jsx	283
D	src/components/sacredBharat/JourneyPlannerPanel.js	283
D	src/components/sacredBharat/JourneyPlannerPanel.mounted.test.jsx	283
D	src/components/sacredBharat/SacredBharatProvider.js	283
D	src/components/sacredBharat/TempleChecklist.js	283
D	src/components/sacredBharat/TempleChecklist.mounted.test.jsx	283
D	src/components/sacredBharat/TrailCompletionReveal.js	283
D	src/components/sacredBharat/TrailCompletionReveal.mounted.test.jsx	283
M	src/components/sacredBharat/edition/SacredBharatEdition.js	283+285
M	src/components/sacredBharat/edition/SacredBharatEdition.mounted.test.jsx	283+285
A	src/components/sacredBharat/edition/SacredBharatEditionRoute.js	283
M	src/components/sacredBharat/edition/SacredStoryCard.js	283
M	src/components/ui/AnimatedLucideIcons.js	283
M	src/components/ui/AnimatedLucideIcons.test.jsx	283
M	src/components/ui/AnimatedSubmitButton.js	285
M	src/components/ui/AwardsShowcase.js	283+285
M	src/components/ui/Chatbot.js	285
M	src/components/ui/ChatbotMessages.js	283+285
M	src/components/ui/ChatbotWindow.js	283+285
M	src/components/ui/CircularServicesMenu.js	283+285
M	src/components/ui/CircularServicesMenu.mounted.test.jsx	285
M	src/components/ui/ClientShowcase.js	283+285
M	src/components/ui/ConciergeContactHandoff.js	283
M	src/components/ui/ConciergeContactHandoff.mounted.test.jsx	283
A	src/components/ui/DestinationShortlistPlanner.js	283+285
A	src/components/ui/EnquiryBriefFields.js	283+285
M	src/components/ui/GalleryGrid.js	283+285
M	src/components/ui/GalleryGrid.mounted.test.jsx	285
M	src/components/ui/LocationCard.js	283+285
M	src/components/ui/ModernContactForm.js	283+285
M	src/components/ui/ModernContactForm.mounted.test.jsx	283+285
M	src/components/ui/NumberTicker.js	283
M	src/components/ui/PartnerShowcase.js	283
M	src/components/ui/PublicContactCta.js	283
M	src/components/ui/PublicTaglineReveal.js	285
M	src/components/ui/TeamMember.js	283+285
M	src/components/ui/TeamMember.mounted.test.jsx	283+285
M	src/components/ui/TrendingDestinations.js	283+285
M	src/components/ui/TrendingDestinations.mounted.test.jsx	283+285
D	src/components/ui/UspElement.js	285
D	src/components/ui/ValuesCard.js	283+285
M	src/components/ui/aiClientMounted.test.js	283+285
M	src/components/ui/application-field-variants.ts	283
M	src/components/ui/application-status.tsx	283
M	src/components/ui/applicationPrimitives.mounted.test.jsx	283
M	src/components/ui/chatbotStream.js	283
M	src/components/ui/chatbotStream.test.js	283
M	src/components/ui/publicInteractionMotion.mounted.test.jsx	283+285
M	src/components/ui/useChatbotConversation.js	283
D	src/components/vendor/VendorSkipLink.js	283
D	src/components/vendor/VendorSkipLink.mounted.test.jsx	283
M	src/data/publicDestinations.ts	285
A	src/data/publicGalleryDescriptions.ts	285
D	src/data/sacredBharat/challenges.js	283
M	src/data/sacredBharat/edition001.js	283
A	src/data/sacredBharat/editionAssetValidation.ts	283
A	src/data/sacredBharat/editionRegistry.js	283
A	src/data/sacredBharat/editionRegistry.test.ts	283
D	src/data/sacredBharat/levels.js	283
D	src/data/sacredBharat/regions.js	283
M	src/data/sacredBharat/temples.js	283
M	src/data/trails.js	283
M	src/data/trails/additionalTrails.js	283+285
M	src/data/trails/helpers.js	283
M	src/data/trails/kailashAerial.js	283+285
M	src/data/trails/kailashMansarovar.js	283+285
A	src/data/trails/routeFit.js	283+285
A	src/data/trails/routeFit.test.js	283+285
M	src/data/trails/trails.test.js	283+285
M	src/data/trendingDestinations.js	283
A	src/lib/account/arrivalPackDocument.test.ts	283
A	src/lib/account/arrivalPackDocument.ts	283
A	src/lib/accountJourneyUrlKey.server.js	283
A	src/lib/accountUrlState.js	283
A	src/lib/accountUrlState.test.js	283
M	src/lib/ai/providerStream.test.ts	283
M	src/lib/ai/providerStream.ts	283
M	src/lib/ai/runtimePolicy.ts	283
M	src/lib/ai/runtimeService.test.ts	283
M	src/lib/ai/runtimeService.ts	283
M	src/lib/auth-login-pages.js	283
M	src/lib/auth-server.js	283
M	src/lib/auth-sign-in-targets.js	283+285
A	src/lib/auth-sign-in-targets.test.js	283+285
A	src/lib/blogPresentation.test.ts	285
A	src/lib/blogPresentation.ts	285
A	src/lib/contact/inboundIntentContract.test.ts	283
A	src/lib/contact/inboundIntentContract.ts	283
M	src/lib/contact/turnstile.js	283
A	src/lib/contact/websiteSourceContext.test.ts	283
A	src/lib/contact/websiteSourceContext.ts	283
M	src/lib/http/readJsonBody.js	283
M	src/lib/observability/api-log.js	283
M	src/lib/observability/api-log.test.js	283
M	src/lib/observability/api-route-registry.js	283+285
M	src/lib/operationalControls/runtimeService.test.ts	283
M	src/lib/operationalControls/runtimeService.ts	283
M	src/lib/paymentVerification.test.js	283
M	src/lib/paymentVerification.ts	283
M	src/lib/portal/commandPalette.test.js	283
M	src/lib/portal/commandPalette.ts	283
A	src/lib/portal/commercialFileRoutes.test.ts	283
A	src/lib/portal/commercialFileRoutes.ts	283
M	src/lib/portal/constants.js	283
M	src/lib/portal/contractingListPresentation.ts	285
M	src/lib/portal/dashboardLinks.js	283
M	src/lib/portal/dashboardLinks.test.js	283
M	src/lib/portal/documentPreview.test.ts	285
M	src/lib/portal/documentPreview.ts	285
M	src/lib/portal/entityModalLinks.js	283
M	src/lib/portal/fileUploads.js	283
A	src/lib/portal/fileUploads.test.js	283
M	src/lib/portal/formValidation.js	283
M	src/lib/portal/formValidation.test.js	283
M	src/lib/portal/jobCardCascade.test.ts	283
M	src/lib/portal/jobCardCommandCenter.js	283
M	src/lib/portal/jobCardCommandCenter.test.js	283
M	src/lib/portal/listFilterConfig.js	283
M	src/lib/portal/listFilterConfig.test.js	283
M	src/lib/portal/listFilters.js	283
M	src/lib/portal/listFilters.test.js	283
M	src/lib/portal/modalCommandExecutor.test.js	283
M	src/lib/portal/modalCommands/commercial.js	283
M	src/lib/portal/modalLifecycle.js	283
M	src/lib/portal/modalLifecycle.test.js	283
M	src/lib/portal/permissions.js	283
M	src/lib/portal/permissions.test.js	283
M	src/lib/portal/portalDataDependencies.test.ts	285
M	src/lib/portal/portalDataGrid.ts	285
M	src/lib/portal/portalNavPresentation.test.ts	285
M	src/lib/portal/portalNavPresentation.ts	285
M	src/lib/portal/portalRouteManifest.ts	283+285
M	src/lib/portal/portalTanStackTableEquivalence.test.tsx	283
M	src/lib/portal/portalTanStackTableEquivalence.ts	283
M	src/lib/portal/proposalListPresentation.test.ts	283
M	src/lib/portal/proposalListPresentation.ts	283
A	src/lib/portal/recoveryCenterPresentation.test.ts	283
A	src/lib/portal/recoveryCenterPresentation.ts	283
M	src/lib/portal/spreadsheetFormula.test.ts	285
M	src/lib/portal/spreadsheetFormula.ts	285
M	src/lib/portal/spreadsheetPreview.test.ts	285
M	src/lib/portal/spreadsheetPreview.ts	285
M	src/lib/portal/spreadsheetPreview.worker.ts	285
A	src/lib/portal/spreadsheetSearch.test.ts	285
A	src/lib/portal/spreadsheetSearch.ts	285
A	src/lib/portal/tableLayoutPresets.test.ts	283
A	src/lib/portal/tableLayoutPresets.ts	283
M	src/lib/portal/workflowPresentationPolicy.test.ts	285
M	src/lib/portal/workspaceContract.ts	283
M	src/lib/public/contactIntent.test.ts	283
M	src/lib/public/contactIntent.ts	283
A	src/lib/public/destinationPlan.test.ts	283
A	src/lib/public/destinationPlan.ts	283
A	src/lib/publicNavigation.js	283
A	src/lib/publicNavigation.test.js	283
M	src/lib/razorpay.js	283
M	src/lib/razorpayWebhook.test.ts	283
M	src/lib/razorpayWebhook.ts	283
M	src/lib/runtimeValues.test.ts	283
M	src/lib/runtimeValues.ts	283
D	src/lib/sacredBharat/challenges.js	283
D	src/lib/sacredBharat/challenges.test.js	283
M	src/lib/sacredBharat/editionHref.test.ts	283
M	src/lib/sacredBharat/editionHref.ts	283
D	src/lib/sacredBharat/guestMergeClient.js	283
D	src/lib/sacredBharat/guestMergeClient.test.js	283
D	src/lib/sacredBharat/guestStorage.js	283
D	src/lib/sacredBharat/guestStorage.test.js	283
D	src/lib/sacredBharat/journeyPlannerStream.js	283
D	src/lib/sacredBharat/journeyPlannerStream.test.js	283
D	src/lib/sacredBharat/scoring.js	283
D	src/lib/sacredBharat/scoring.test.js	283
M	src/lib/sacredBharat/storyCard.js	283
D	src/lib/sacredBharat/yatriPassport.js	283
D	src/lib/sacredBharat/yatriPassport.test.js	283
M	src/lib/userFacingErrors.js	283
M	src/lib/userFacingErrors.test.js	283
M	src/sanity/cachePolicy.contract.test.ts	283+285
M	src/sanity/cachedFetch.js	285
A	src/sanity/queries/blog.test.ts	285
A	src/sanity/queries/blog.ts	285
A	src/sanity/retiredSurfaceInventory.contract.test.ts	283
M	tools/portal-role-pages-expected.json	283
